name,brand,vehicleTransmission,productionDate,color,price,vehicleInteriorColor
2015 Honda Accord EX-L,Honda,AUTOMATIC,2015,Hematite Metallic,20785,Black leather
2016 Honda Accord Sport,Honda,AUTOMATIC,2016,San Marino Red,21360,Black leatherette/cloth
2016 Honda Accord LX,Honda,AUTOMATIC,2016,White Orchid Pearl,16900,Gray cloth
2014 Honda Accord Touring V-6,Honda,AUTOMATIC,2014,Crystal Black Pearl,20277,Black leather
2015 Honda Accord EX-L,Honda,AUTOMATIC,2015,Crystal Black Pearl,17998,Black leather
2008 Honda Accord EX V-6,Honda,AUTOMATIC,2008,Basque Red Pearl,9377,Black cloth
2015 Honda Accord LX,Honda,AUTOMATIC,2015,Alabaster Silver Metallic,13995,Gray cloth
2010 Honda Accord EX-L,Honda,AUTOMATIC,2010,Crystal Black Pearl,8995,Ivory cloth
2014 Honda Accord EX-L,Honda,AUTOMATIC,2014,Crystal Black Pearl,15998,Black leather
2004 Honda Accord LX,Honda,AUTOMATIC,2004,Deep Green Pearl,4846,
2014 Honda Accord Sport,Honda,AUTOMATIC,2014,White Orchid Pearl,13995,Black cloth
2015 Honda Accord Sport,Honda,AUTOMATIC,2015,White Orchid Pearl,15986,Black cloth
2016 Honda Accord Touring V-6,Honda,AUTOMATIC,2016,White Orchid Pearl,25500,
2014 Honda Accord Sport,Honda,AUTOMATIC,2014,Alabaster Silver Metallic,14900,Black cloth
2017 Honda Accord Sport,Honda,AUTOMATIC,2017,Crystal Black Pearl,20889,Black cloth
2017 Honda Accord EX,Honda,AUTOMATIC,2017,Still Night Pearl,21900,Black cloth
2017 Honda Accord EX-L w/Navigation and Honda Sensing,Honda,AUTOMATIC,2017,Crystal Black Pearl,23999,Black leather
2017 Honda Accord Touring V-6,Honda,AUTOMATIC,2017,Crystal Black Pearl,27699,Black leather
